movie_name,ja_release,ja_source,ja_author,vi_release,vi_source,vi_author
Thor: Love and Thunder (2022),08/09/2022,https://www.opensubtitles.org/en/subtitleserve/sub/9233337,LoFi123,09/09/2022,https://www.opensubtitles.org/en/subtitleserve/sub/9234648,thanhtu2004
"""The Peripheral"" Fuck You and Eat Shit (2022)",18/11/2022,https://www.opensubtitles.org/en/subtitleserve/sub/9317199,LoFi123,18/11/2022,https://www.opensubtitles.org/en/subtitleserve/sub/9317215,LoFi123
The Wonder (2022),17/11/2022,https://www.opensubtitles.org/en/subtitleserve/sub/9316371,,16/11/2022,https://www.opensubtitles.org/en/subtitleserve/sub/9314179,kors
Beyond the Universe (2022),29/10/2022,https://www.opensubtitles.org/en/subtitleserve/sub/9292350,,17/11/2022,https://www.opensubtitles.org/en/subtitleserve/sub/9315971,thanhtu2004
"""The Queen's Umbrella"" Episode #1.10 (2022)",14/11/2022,https://www.opensubtitles.org/en/subtitleserve/sub/9310730,Peterlin,14/11/2022,https://www.opensubtitles.org/en/subtitleserve/sub/9310735,Peterlin
"""The Queen's Umbrella"" Episode #1.9 (2022)",13/11/2022,https://www.opensubtitles.org/en/subtitleserve/sub/9309452,Peterlin,13/11/2022,https://www.opensubtitles.org/en/subtitleserve/sub/9309486,Peterlin
"""The Peripheral"" What About Bob? (2022)",11/11/2022,https://www.opensubtitles.org/en/subtitleserve/sub/9307361,LoFi123,11/11/2022,https://www.opensubtitles.org/en/subtitleserve/sub/9307390,LoFi123
Run Sweetheart Run (2020),31/10/2022,https://www.opensubtitles.org/en/subtitleserve/sub/9294256,,11/11/2022,https://www.opensubtitles.org/en/subtitleserve/sub/9307173,thanhtu2004
"""The Queen's Umbrella"" Episode #1.8 (2022)",09/11/2022,https://www.opensubtitles.org/en/subtitleserve/sub/9304738,Peterlin,09/11/2022,https://www.opensubtitles.org/en/subtitleserve/sub/9304723,Peterlin
"""The Queen's Umbrella"" Episode #1.7 (2022)",09/11/2022,https://www.opensubtitles.org/en/subtitleserve/sub/9304737,Peterlin,09/11/2022,https://www.opensubtitles.org/en/subtitleserve/sub/9304722,Peterlin
Wendell & Wild (2022),29/10/2022,https://www.opensubtitles.org/en/subtitleserve/sub/9292668,,09/11/2022,https://www.opensubtitles.org/en/subtitleserve/sub/9304339,thanhtu2004
The Curse of Bridge Hollow (2022),15/10/2022,https://www.opensubtitles.org/en/subtitleserve/sub/9277101,,09/11/2022,https://www.opensubtitles.org/en/subtitleserve/sub/9304338,thanhtu2004
All Quiet on the Western Front (2022),28/10/2022,https://www.opensubtitles.org/en/subtitleserve/sub/9291347,,08/11/2022,https://www.opensubtitles.org/en/subtitleserve/sub/9303669,thanhtu2004
Pearl (2022),05/11/2022,https://www.opensubtitles.org/en/subtitleserve/sub/9300917,chee119,06/11/2022,https://www.opensubtitles.org/en/subtitleserve/sub/9301941,duckeo92
"""The Peripheral"" Jackpot (2022)",06/11/2022,https://www.opensubtitles.org/en/subtitleserve/sub/9301746,LoFi123,06/11/2022,https://www.opensubtitles.org/en/subtitleserve/sub/9301751,LoFi123
Casablanca (1942),20/10/2022,https://www.opensubtitles.org/en/subtitleserve/sub/9281888,,04/11/2022,https://www.opensubtitles.org/en/subtitleserve/sub/9299246,thanhtu2004
Catherine Called Birdy (2022),02/11/2022,https://www.opensubtitles.org/en/subtitleserve/sub/9296329,,07/10/2022,https://www.opensubtitles.org/en/subtitleserve/sub/9266510,thanhtu2004
"""The Queen's Umbrella"" Episode #1.6 (2022)",30/10/2022,https://www.opensubtitles.org/en/subtitleserve/sub/9294158,Peterlin,30/10/2022,https://www.opensubtitles.org/en/subtitleserve/sub/9294163,Peterlin
"""The Queen's Umbrella"" Episode #1.5 (2022)",29/10/2022,https://www.opensubtitles.org/en/subtitleserve/sub/9293342,Peterlin,29/10/2022,https://www.opensubtitles.org/en/subtitleserve/sub/9293319,Peterlin
"""The Queen's Umbrella"" Episode #1.4 (2022)",29/10/2022,https://www.opensubtitles.org/en/subtitleserve/sub/9293341,Peterlin,29/10/2022,https://www.opensubtitles.org/en/subtitleserve/sub/9293317,Peterlin
"""The Queen's Umbrella"" Episode #1.3 (2022)",29/10/2022,https://www.opensubtitles.org/en/subtitleserve/sub/9293340,Peterlin,29/10/2022,https://www.opensubtitles.org/en/subtitleserve/sub/9293316,Peterlin
"""The Queen's Umbrella"" Episode #1.2 (2022)",29/10/2022,https://www.opensubtitles.org/en/subtitleserve/sub/9293339,Peterlin,29/10/2022,https://www.opensubtitles.org/en/subtitleserve/sub/9293315,Peterlin
"""The Queen's Umbrella"" Episode #1.1 (2022)",29/10/2022,https://www.opensubtitles.org/en/subtitleserve/sub/9293338,Peterlin,29/10/2022,https://www.opensubtitles.org/en/subtitleserve/sub/9293314,Peterlin
"""The Peripheral"" Haptic Drift (2022)",28/10/2022,https://www.opensubtitles.org/en/subtitleserve/sub/9290754,LoFi123,28/10/2022,https://www.opensubtitles.org/en/subtitleserve/sub/9290857,LoFi123
"""Romantic Killer"" Last Story!? (2022)",27/10/2022,https://www.opensubtitles.org/en/subtitleserve/sub/9289744,hazylum,27/10/2022,https://www.opensubtitles.org/en/subtitleserve/sub/9290047,hazylum
"""Romantic Killer"" Just Tell Me if You Don't Like... (2022)",27/10/2022,https://www.opensubtitles.org/en/subtitleserve/sub/9289738,hazylum,27/10/2022,https://www.opensubtitles.org/en/subtitleserve/sub/9290046,hazylum
"""Romantic Killer"" Other Way Around, Dummy (2022)",27/10/2022,https://www.opensubtitles.org/en/subtitleserve/sub/9289732,hazylum,27/10/2022,https://www.opensubtitles.org/en/subtitleserve/sub/9290045,hazylum
"""Romantic Killer"" Ginger Ale is a Force Majeure (2022)",27/10/2022,https://www.opensubtitles.org/en/subtitleserve/sub/9289726,hazylum,27/10/2022,https://www.opensubtitles.org/en/subtitleserve/sub/9290044,hazylum
"""Romantic Killer"" Goose Bumps! I Am a Goose Now (2022)",27/10/2022,https://www.opensubtitles.org/en/subtitleserve/sub/9289720,hazylum,27/10/2022,https://www.opensubtitles.org/en/subtitleserve/sub/9290043,hazylum
"""Romantic Killer"" You Sure Have Your Quirks... (2022)",27/10/2022,https://www.opensubtitles.org/en/subtitleserve/sub/9289713,hazylum,27/10/2022,https://www.opensubtitles.org/en/subtitleserve/sub/9290042,hazylum
"""Romantic Killer"" A ""Reincarnated-in-Another-Wor... (2022)",27/10/2022,https://www.opensubtitles.org/en/subtitleserve/sub/9289707,hazylum,27/10/2022,https://www.opensubtitles.org/en/subtitleserve/sub/9290041,hazylum
"""Romantic Killer"" You're More Troublesome in Fle... (2022)",27/10/2022,https://www.opensubtitles.org/en/subtitleserve/sub/9289701,hazylum,27/10/2022,https://www.opensubtitles.org/en/subtitleserve/sub/9290040,hazylum
"""Romantic Killer"" The Childhood Friend is Easy M... (2022)",27/10/2022,https://www.opensubtitles.org/en/subtitleserve/sub/9289694,hazylum,27/10/2022,https://www.opensubtitles.org/en/subtitleserve/sub/9290039,hazylum
"""Romantic Killer"" My Life Has Become a Dating Sim (2022)",27/10/2022,https://www.opensubtitles.org/en/subtitleserve/sub/9289688,hazylum,27/10/2022,https://www.opensubtitles.org/en/subtitleserve/sub/9290038,hazylum
"""Romantic Killer"" It's Time for Children to Go t... (2022)",27/10/2022,https://www.opensubtitles.org/en/subtitleserve/sub/9289682,hazylum,27/10/2022,https://www.opensubtitles.org/en/subtitleserve/sub/9290037,hazylum
"""Romantic Killer"" Why Is there So Much Legalese ... (2022)",27/10/2022,https://www.opensubtitles.org/en/subtitleserve/sub/9289676,hazylum,27/10/2022,https://www.opensubtitles.org/en/subtitleserve/sub/9290036,hazylum
"""Guillermo del Toro's Cabinet of Curiosities"" Gr... (2022)",27/10/2022,https://www.opensubtitles.org/en/subtitleserve/sub/9289308,LoFi123,27/10/2022,https://www.opensubtitles.org/en/subtitleserve/sub/9289271,LoFi123
"""Guillermo del Toro's Cabinet of Curiosities"" Lo... (2022)",27/10/2022,https://www.opensubtitles.org/en/subtitleserve/sub/9289307,LoFi123,27/10/2022,https://www.opensubtitles.org/en/subtitleserve/sub/9289270,LoFi123
Raymond & Ray (2022),23/10/2022,https://www.opensubtitles.org/en/subtitleserve/sub/9285696,oakislandtk,21/10/2022,https://www.opensubtitles.org/en/subtitleserve/sub/9282659,thanhtu2004
Hellraiser (2022),23/10/2022,https://www.opensubtitles.org/en/subtitleserve/sub/9285418,,13/10/2022,https://www.opensubtitles.org/en/subtitleserve/sub/9273788,thanhtu2004
"Argentina, 1985 (2022)",22/10/2022,https://www.opensubtitles.org/en/subtitleserve/sub/9284020,,21/10/2022,https://www.opensubtitles.org/en/subtitleserve/sub/9282657,thanhtu2004
"""The Peripheral"" Empathy Bonus (2022)",21/10/2022,https://www.opensubtitles.org/en/subtitleserve/sub/9282632,LoFi123,21/10/2022,https://www.opensubtitles.org/en/subtitleserve/sub/9282655,LoFi123
"""The Peripheral"" Pilot (2022)",21/10/2022,https://www.opensubtitles.org/en/subtitleserve/sub/9282333,LoFi123,21/10/2022,https://www.opensubtitles.org/en/subtitleserve/sub/9282361,LoFi123
"""Knights of the Zodiac: Saint Seiya"" Yomigae Fen... (2019)",20/10/2022,https://www.opensubtitles.org/en/subtitleserve/sub/9281960,Aboytes,20/10/2022,https://www.opensubtitles.org/en/subtitleserve/sub/9281971,Aboytes
"""Knights of the Zodiac: Saint Seiya"" Burakku Sei... (2019)",20/10/2022,https://www.opensubtitles.org/en/subtitleserve/sub/9281171,Aboytes,20/10/2022,https://www.opensubtitles.org/en/subtitleserve/sub/9281184,Aboytes
"""Knights of the Zodiac: Saint Seiya"" Nebyura chên (2019)",20/10/2022,https://www.opensubtitles.org/en/subtitleserve/sub/9281143,Aboytes,20/10/2022,https://www.opensubtitles.org/en/subtitleserve/sub/9281156,Aboytes
"""Knights of the Zodiac: Saint Seiya"" Doragon tôjô (2019)",19/10/2022,https://www.opensubtitles.org/en/subtitleserve/sub/9281018,Aboytes,19/10/2022,https://www.opensubtitles.org/en/subtitleserve/sub/9281030,Aboytes
"""Knights of the Zodiac: Saint Seiya"" Kosumo wo m... (2019)",19/10/2022,https://www.opensubtitles.org/en/subtitleserve/sub/9280974,Aboytes,19/10/2022,https://www.opensubtitles.org/en/subtitleserve/sub/9280983,Aboytes
"""Knights of the Zodiac: Saint Seiya"" Seiya (2019)",19/10/2022,https://www.opensubtitles.org/en/subtitleserve/sub/9280898,Aboytes,19/10/2022,https://www.opensubtitles.org/en/subtitleserve/sub/9280935,Aboytes
The School for Good and Evil (2022),19/10/2022,https://www.opensubtitles.org/en/subtitleserve/sub/9280342,LoFi123,19/10/2022,https://www.opensubtitles.org/en/subtitleserve/sub/9280358,LoFi123
"""See"" I See You (2022)",15/10/2022,https://www.opensubtitles.org/en/subtitleserve/sub/9276470,oakislandtk,15/10/2022,https://www.opensubtitles.org/en/subtitleserve/sub/9276484,oakislandtk
Clerks III (2022),14/10/2022,https://www.opensubtitles.org/en/subtitleserve/sub/9275128,LoFi123,14/10/2022,https://www.opensubtitles.org/en/subtitleserve/sub/9275136,LoFi123
"""The Lord of the Rings: The Rings of Power"" Allo... ()",14/10/2022,https://www.opensubtitles.org/en/subtitleserve/sub/9275078,LoFi123,14/10/2022,https://www.opensubtitles.org/en/subtitleserve/sub/9275117,LoFi123
Werewolf by Night (2022),08/10/2022,https://www.opensubtitles.org/en/subtitleserve/sub/9268295,,13/10/2022,https://www.opensubtitles.org/en/subtitleserve/sub/9274432,duckeo92
"""Five Days at Memorial"" The Reckoning (2022)",13/10/2022,https://www.opensubtitles.org/en/subtitleserve/sub/9273857,oakislandtk,13/10/2022,https://www.opensubtitles.org/en/subtitleserve/sub/9273872,oakislandtk
"""Five Days at Memorial"" Nobody Knows the Trouble... (2022)",13/10/2022,https://www.opensubtitles.org/en/subtitleserve/sub/9273828,oakislandtk,13/10/2022,https://www.opensubtitles.org/en/subtitleserve/sub/9273842,oakislandtk
"""Five Days at Memorial"" 45 Dead (2022)",13/10/2022,https://www.opensubtitles.org/en/subtitleserve/sub/9273801,oakislandtk,13/10/2022,https://www.opensubtitles.org/en/subtitleserve/sub/9273815,oakislandtk
Grimcutty (2022),12/10/2022,https://www.opensubtitles.org/en/subtitleserve/sub/9273047,oakislandtk,13/10/2022,https://www.opensubtitles.org/en/subtitleserve/sub/9273787,thanhtu2004
"""Five Days at Memorial"" Day Five (2022)",13/10/2022,https://www.opensubtitles.org/en/subtitleserve/sub/9273740,oakislandtk,13/10/2022,https://www.opensubtitles.org/en/subtitleserve/sub/9273754,oakislandtk
"""Five Days at Memorial"" Day Four (2022)",13/10/2022,https://www.opensubtitles.org/en/subtitleserve/sub/9273714,oakislandtk,13/10/2022,https://www.opensubtitles.org/en/subtitleserve/sub/9273727,oakislandtk
"""Five Days at Memorial"" Day Three (2022)",13/10/2022,https://www.opensubtitles.org/en/subtitleserve/sub/9273688,oakislandtk,13/10/2022,https://www.opensubtitles.org/en/subtitleserve/sub/9273700,oakislandtk
"""Five Days at Memorial"" Day Two (2022)",13/10/2022,https://www.opensubtitles.org/en/subtitleserve/sub/9273661,oakislandtk,13/10/2022,https://www.opensubtitles.org/en/subtitleserve/sub/9273673,oakislandtk
"""Five Days at Memorial"" Day One (2022)",13/10/2022,https://www.opensubtitles.org/en/subtitleserve/sub/9273635,oakislandtk,13/10/2022,https://www.opensubtitles.org/en/subtitleserve/sub/9273647,oakislandtk
"""The Midnight Club"" Midnight (2022)",13/10/2022,https://www.opensubtitles.org/en/subtitleserve/sub/9273563,oakislandtk,13/10/2022,https://www.opensubtitles.org/en/subtitleserve/sub/9273571,oakislandtk
"""The Midnight Club"" The Eternal Enemy (2022)",13/10/2022,https://www.opensubtitles.org/en/subtitleserve/sub/9273544,oakislandtk,13/10/2022,https://www.opensubtitles.org/en/subtitleserve/sub/9273552,oakislandtk
"""The Midnight Club"" Road to Nowhere (2022)",13/10/2022,https://www.opensubtitles.org/en/subtitleserve/sub/9273521,oakislandtk,13/10/2022,https://www.opensubtitles.org/en/subtitleserve/sub/9273530,oakislandtk
"""The Midnight Club"" Anya (2022)",13/10/2022,https://www.opensubtitles.org/en/subtitleserve/sub/9273500,oakislandtk,13/10/2022,https://www.opensubtitles.org/en/subtitleserve/sub/9273509,oakislandtk
"""The Midnight Club"" Witch (2022)",13/10/2022,https://www.opensubtitles.org/en/subtitleserve/sub/9273477,oakislandtk,13/10/2022,https://www.opensubtitles.org/en/subtitleserve/sub/9273488,oakislandtk
"""The Midnight Club"" See You Later (2022)",13/10/2022,https://www.opensubtitles.org/en/subtitleserve/sub/9273455,oakislandtk,13/10/2022,https://www.opensubtitles.org/en/subtitleserve/sub/9273464,oakislandtk
"""The Midnight Club"" Gimme a Kiss (2022)",13/10/2022,https://www.opensubtitles.org/en/subtitleserve/sub/9273435,oakislandtk,13/10/2022,https://www.opensubtitles.org/en/subtitleserve/sub/9273443,oakislandtk
"""The Midnight Club"" The Wicked Heart (2022)",13/10/2022,https://www.opensubtitles.org/en/subtitleserve/sub/9273414,oakislandtk,13/10/2022,https://www.opensubtitles.org/en/subtitleserve/sub/9273423,oakislandtk
"""The Midnight Club"" The Two Danas (2022)",13/10/2022,https://www.opensubtitles.org/en/subtitleserve/sub/9273393,oakislandtk,13/10/2022,https://www.opensubtitles.org/en/subtitleserve/sub/9273403,oakislandtk
"""The Midnight Club"" The Final Chapter (2022)",13/10/2022,https://www.opensubtitles.org/en/subtitleserve/sub/9273371,oakislandtk,13/10/2022,https://www.opensubtitles.org/en/subtitleserve/sub/9273382,oakislandtk
Old People (2022),12/10/2022,https://www.opensubtitles.org/en/subtitleserve/sub/9273027,oakislandtk,12/10/2022,https://www.opensubtitles.org/en/subtitleserve/sub/9273036,oakislandtk
"""See"" God Thunder (2022)",11/10/2022,https://www.opensubtitles.org/en/subtitleserve/sub/9271018,oakislandtk,11/10/2022,https://www.opensubtitles.org/en/subtitleserve/sub/9271035,oakislandtk
"""Little Women"" Episode #1.12 (2022)",10/10/2022,https://www.opensubtitles.org/en/subtitleserve/sub/9270289,Peterlin,10/10/2022,https://www.opensubtitles.org/en/subtitleserve/sub/9270294,Peterlin
"""Little Women"" Episode #1.11 (2022)",09/10/2022,https://www.opensubtitles.org/en/subtitleserve/sub/9269053,Peterlin,09/10/2022,https://www.opensubtitles.org/en/subtitleserve/sub/9269059,Peterlin
The Catholic School (2021),15/09/2022,https://www.opensubtitles.org/en/subtitleserve/sub/9241749,oakislandtk,06/10/2022,https://www.opensubtitles.org/en/subtitleserve/sub/9264991,oakislandtk
Skandal! Bringing Down Wirecard (2022),17/09/2022,https://www.opensubtitles.org/en/subtitleserve/sub/9244303,oakislandtk,06/10/2022,https://www.opensubtitles.org/en/subtitleserve/sub/9264965,oakislandtk
I Used to Be Famous (2022),16/09/2022,https://www.opensubtitles.org/en/subtitleserve/sub/9244281,oakislandtk,06/10/2022,https://www.opensubtitles.org/en/subtitleserve/sub/9264920,oakislandtk
Drifting Home (2022),06/10/2022,https://www.opensubtitles.org/en/subtitleserve/sub/9264903,oakislandtk,06/10/2022,https://www.opensubtitles.org/en/subtitleserve/sub/9264899,oakislandtk
Do Revenge (2022),16/09/2022,https://www.opensubtitles.org/en/subtitleserve/sub/9244280,oakislandtk,06/10/2022,https://www.opensubtitles.org/en/subtitleserve/sub/9264875,oakislandtk
Broad Peak (2022),15/09/2022,https://www.opensubtitles.org/en/subtitleserve/sub/9241754,oakislandtk,06/10/2022,https://www.opensubtitles.org/en/subtitleserve/sub/9264859,oakislandtk
A Trip to Infinity (2022),27/09/2022,https://www.opensubtitles.org/en/subtitleserve/sub/9255857,oakislandtk,06/10/2022,https://www.opensubtitles.org/en/subtitleserve/sub/9264810,oakislandtk
A Jazzman's Blues (2022),24/09/2022,https://www.opensubtitles.org/en/subtitleserve/sub/9252904,oakislandtk,06/10/2022,https://www.opensubtitles.org/en/subtitleserve/sub/9264786,oakislandtk
Emily the Criminal (2022),05/10/2022,https://www.opensubtitles.org/en/subtitleserve/sub/9264029,chee119,18/09/2022,https://www.opensubtitles.org/en/subtitleserve/sub/9246064,Limbizkit
"""Little Women"" Episode #1.10 (2022)",05/10/2022,https://www.opensubtitles.org/en/subtitleserve/sub/9263613,Peterlin,05/10/2022,https://www.opensubtitles.org/en/subtitleserve/sub/9263654,Peterlin
"""Little Women"" Episode #1.9 (2022)",05/10/2022,https://www.opensubtitles.org/en/subtitleserve/sub/9263612,Peterlin,05/10/2022,https://www.opensubtitles.org/en/subtitleserve/sub/9263652,Peterlin
"""Little Women"" Episode #1.8 (2022)",05/10/2022,https://www.opensubtitles.org/en/subtitleserve/sub/9263611,Peterlin,05/10/2022,https://www.opensubtitles.org/en/subtitleserve/sub/9263651,Peterlin
"""Little Women"" Episode #1.7 (2022)",05/10/2022,https://www.opensubtitles.org/en/subtitleserve/sub/9263609,Peterlin,05/10/2022,https://www.opensubtitles.org/en/subtitleserve/sub/9263650,Peterlin
"""Little Women"" Episode #1.6 (2022)",05/10/2022,https://www.opensubtitles.org/en/subtitleserve/sub/9263608,Peterlin,05/10/2022,https://www.opensubtitles.org/en/subtitleserve/sub/9263649,Peterlin
"""Little Women"" Episode #1.5 (2022)",05/10/2022,https://www.opensubtitles.org/en/subtitleserve/sub/9263607,Peterlin,05/10/2022,https://www.opensubtitles.org/en/subtitleserve/sub/9263648,Peterlin
"""Little Women"" Episode #1.4 (2022)",05/10/2022,https://www.opensubtitles.org/en/subtitleserve/sub/9263606,Peterlin,05/10/2022,https://www.opensubtitles.org/en/subtitleserve/sub/9263647,Peterlin
"""Little Women"" Episode #1.3 (2022)",05/10/2022,https://www.opensubtitles.org/en/subtitleserve/sub/9263605,Peterlin,05/10/2022,https://www.opensubtitles.org/en/subtitleserve/sub/9263646,Peterlin
"""Little Women"" Episode #1.2 (2022)",05/10/2022,https://www.opensubtitles.org/en/subtitleserve/sub/9263603,Peterlin,05/10/2022,https://www.opensubtitles.org/en/subtitleserve/sub/9263645,Peterlin
"""Little Women"" Episode #1.1 (2022)",05/10/2022,https://www.opensubtitles.org/en/subtitleserve/sub/9263602,Peterlin,05/10/2022,https://www.opensubtitles.org/en/subtitleserve/sub/9263644,Peterlin
"""See"" The Lowlands (2022)",01/10/2022,https://www.opensubtitles.org/en/subtitleserve/sub/9259907,oakislandtk,01/10/2022,https://www.opensubtitles.org/en/subtitleserve/sub/9259921,oakislandtk
The Greatest Beer Run Ever (2022),01/10/2022,https://www.opensubtitles.org/en/subtitleserve/sub/9259832,oakislandtk,01/10/2022,https://www.opensubtitles.org/en/subtitleserve/sub/9259845,oakislandtk
"""The Lord of the Rings: The Rings of Power"" Udûn ()",30/09/2022,https://www.opensubtitles.org/en/subtitleserve/sub/9258175,LoFi123,30/09/2022,https://www.opensubtitles.org/en/subtitleserve/sub/9258181,LoFi123
Lou (2022),24/09/2022,https://www.opensubtitles.org/en/subtitleserve/sub/9252742,oakislandtk,29/09/2022,https://www.opensubtitles.org/en/subtitleserve/sub/9257245,duckeo92
Athena (2022),24/09/2022,https://www.opensubtitles.org/en/subtitleserve/sub/9252758,oakislandtk,28/09/2022,https://www.opensubtitles.org/en/subtitleserve/sub/9255959,duckeo92
Where the Crawdads Sing (2022),26/09/2022,https://www.opensubtitles.org/en/subtitleserve/sub/9254338,chee119,07/09/2022,https://www.opensubtitles.org/en/subtitleserve/sub/9232592,thanhtu2004
"""See"" The House of Enlightenment (2022)",24/09/2022,https://www.opensubtitles.org/en/subtitleserve/sub/9252999,oakislandtk,24/09/2022,https://www.opensubtitles.org/en/subtitleserve/sub/9253017,oakislandtk
"""The Lord of the Rings: The Rings of Power"" Part... ()",23/09/2022,https://www.opensubtitles.org/en/subtitleserve/sub/9250992,LoFi123,23/09/2022,https://www.opensubtitles.org/en/subtitleserve/sub/9250982,LoFi123
"""Dahmer - Monster: The Jeffrey Dahmer Story"" Epi... (2022)",23/09/2022,https://www.opensubtitles.org/en/subtitleserve/sub/9250557,oakislandtk,23/09/2022,https://www.opensubtitles.org/en/subtitleserve/sub/9250926,duckeo92
"""Dahmer - Monster: The Jeffrey Dahmer Story"" Ple... (2022)",23/09/2022,https://www.opensubtitles.org/en/subtitleserve/sub/9250558,oakislandtk,23/09/2022,https://www.opensubtitles.org/en/subtitleserve/sub/9250925,duckeo92
"""Dahmer - Monster: The Jeffrey Dahmer Story"" Doi... (2022)",23/09/2022,https://www.opensubtitles.org/en/subtitleserve/sub/9250559,oakislandtk,23/09/2022,https://www.opensubtitles.org/en/subtitleserve/sub/9250924,duckeo92
"""Dahmer - Monster: The Jeffrey Dahmer Story"" Blo... (2022)",23/09/2022,https://www.opensubtitles.org/en/subtitleserve/sub/9250561,oakislandtk,23/09/2022,https://www.opensubtitles.org/en/subtitleserve/sub/9250922,duckeo92
"""Dahmer - Monster: The Jeffrey Dahmer Story"" Sil... (2022)",23/09/2022,https://www.opensubtitles.org/en/subtitleserve/sub/9250562,oakislandtk,23/09/2022,https://www.opensubtitles.org/en/subtitleserve/sub/9250921,duckeo92
"""Dahmer - Monster: The Jeffrey Dahmer Story"" Cas... (2022)",23/09/2022,https://www.opensubtitles.org/en/subtitleserve/sub/9250563,oakislandtk,23/09/2022,https://www.opensubtitles.org/en/subtitleserve/sub/9250920,duckeo92
"""Dahmer - Monster: The Jeffrey Dahmer Story"" Lio... (2022)",23/09/2022,https://www.opensubtitles.org/en/subtitleserve/sub/9250564,oakislandtk,23/09/2022,https://www.opensubtitles.org/en/subtitleserve/sub/9250919,duckeo92
"""Dahmer - Monster: The Jeffrey Dahmer Story"" God... (2022)",23/09/2022,https://www.opensubtitles.org/en/subtitleserve/sub/9250566,oakislandtk,23/09/2022,https://www.opensubtitles.org/en/subtitleserve/sub/9250917,duckeo92
"""See"" The Storm (2022)",17/09/2022,https://www.opensubtitles.org/en/subtitleserve/sub/9244367,oakislandtk,17/09/2022,https://www.opensubtitles.org/en/subtitleserve/sub/9244383,oakislandtk
Goodnight Mommy (2022),16/09/2022,https://www.opensubtitles.org/en/subtitleserve/sub/9243070,LoFi123,16/09/2022,https://www.opensubtitles.org/en/subtitleserve/sub/9243068,LoFi123
"""Cyberpunk: Edgerunners"" My Moon My Man (2022)",13/09/2022,https://www.opensubtitles.org/en/subtitleserve/sub/9239825,hazylum,13/09/2022,https://www.opensubtitles.org/en/subtitleserve/sub/9240102,hazylum
"""Cyberpunk: Edgerunners"" Humanity (2022)",13/09/2022,https://www.opensubtitles.org/en/subtitleserve/sub/9239821,hazylum,13/09/2022,https://www.opensubtitles.org/en/subtitleserve/sub/9240101,hazylum
"""Cyberpunk: Edgerunners"" Stay (2022)",13/09/2022,https://www.opensubtitles.org/en/subtitleserve/sub/9239817,hazylum,13/09/2022,https://www.opensubtitles.org/en/subtitleserve/sub/9240100,hazylum
"""Cyberpunk: Edgerunners"" Stronger (2022)",13/09/2022,https://www.opensubtitles.org/en/subtitleserve/sub/9239812,hazylum,13/09/2022,https://www.opensubtitles.org/en/subtitleserve/sub/9240099,hazylum
"""Cyberpunk: Edgerunners"" Girl on Fire (2022)",13/09/2022,https://www.opensubtitles.org/en/subtitleserve/sub/9239808,hazylum,13/09/2022,https://www.opensubtitles.org/en/subtitleserve/sub/9240098,hazylum
"""Cyberpunk: Edgerunners"" All Eyez On Me (2022)",13/09/2022,https://www.opensubtitles.org/en/subtitleserve/sub/9239804,hazylum,13/09/2022,https://www.opensubtitles.org/en/subtitleserve/sub/9240097,hazylum
"""Cyberpunk: Edgerunners"" Lucky You (2022)",13/09/2022,https://www.opensubtitles.org/en/subtitleserve/sub/9239800,hazylum,13/09/2022,https://www.opensubtitles.org/en/subtitleserve/sub/9240096,hazylum
"""Cyberpunk: Edgerunners"" Smooth Criminal (2022)",13/09/2022,https://www.opensubtitles.org/en/subtitleserve/sub/9239796,hazylum,13/09/2022,https://www.opensubtitles.org/en/subtitleserve/sub/9240095,hazylum
"""Cyberpunk: Edgerunners"" Like A Boy (2022)",13/09/2022,https://www.opensubtitles.org/en/subtitleserve/sub/9239792,hazylum,13/09/2022,https://www.opensubtitles.org/en/subtitleserve/sub/9240094,hazylum
"""Cyberpunk: Edgerunners"" Let You Down (2022)",13/09/2022,https://www.opensubtitles.org/en/subtitleserve/sub/9239787,hazylum,13/09/2022,https://www.opensubtitles.org/en/subtitleserve/sub/9240093,hazylum
Pinocchio (2022),09/09/2022,https://www.opensubtitles.org/en/subtitleserve/sub/9234544,oakislandtk,12/09/2022,https://www.opensubtitles.org/en/subtitleserve/sub/9238654,superpan3000
"""Big Mouth"" Episode #1.13 (2022)",09/09/2022,https://www.opensubtitles.org/en/subtitleserve/sub/9235755,,11/09/2022,https://www.opensubtitles.org/en/subtitleserve/sub/9238007,vo_danhka
"""Big Mouth"" Episode #1.14 (2022)",11/09/2022,https://www.opensubtitles.org/en/subtitleserve/sub/9237983,,11/09/2022,https://www.opensubtitles.org/en/subtitleserve/sub/9238006,vo_danhka
"""See"" This Land Is Your Land (2022)",11/09/2022,https://www.opensubtitles.org/en/subtitleserve/sub/9237610,oakislandtk,11/09/2022,https://www.opensubtitles.org/en/subtitleserve/sub/9237622,oakislandtk
The Anthrax Attacks (2022),11/09/2022,https://www.opensubtitles.org/en/subtitleserve/sub/9237573,oakislandtk,11/09/2022,https://www.opensubtitles.org/en/subtitleserve/sub/9237582,oakislandtk
"""The Lord of the Rings: The Rings of Power"" Adar (2022)",09/09/2022,https://www.opensubtitles.org/en/subtitleserve/sub/9234673,LoFi123,09/09/2022,https://www.opensubtitles.org/en/subtitleserve/sub/9234685,LoFi123
I Came By (2022),04/09/2022,https://www.opensubtitles.org/en/subtitleserve/sub/9229312,oakislandtk,04/09/2022,https://www.opensubtitles.org/en/subtitleserve/sub/9229320,oakislandtk
"""Surface"" See You on the Other Side (2022)",03/09/2022,https://www.opensubtitles.org/en/subtitleserve/sub/9229088,oakislandtk,03/09/2022,https://www.opensubtitles.org/en/subtitleserve/sub/9229107,oakislandtk
"""Surface"" It Was Always Going to End This Way (2022)",03/09/2022,https://www.opensubtitles.org/en/subtitleserve/sub/9229048,oakislandtk,03/09/2022,https://www.opensubtitles.org/en/subtitleserve/sub/9229064,oakislandtk
"""Surface"" The Myth of California (2022)",03/09/2022,https://www.opensubtitles.org/en/subtitleserve/sub/9229016,oakislandtk,03/09/2022,https://www.opensubtitles.org/en/subtitleserve/sub/9229031,oakislandtk
"""See"" Watch Out for Wolves (2022)",03/09/2022,https://www.opensubtitles.org/en/subtitleserve/sub/9228986,oakislandtk,03/09/2022,https://www.opensubtitles.org/en/subtitleserve/sub/9228999,oakislandtk
"""Devil in Ohio"" The Dawning (2022)",03/09/2022,https://www.opensubtitles.org/en/subtitleserve/sub/9228663,oakislandtk,03/09/2022,https://www.opensubtitles.org/en/subtitleserve/sub/9228929,oakislandtk
"""Devil in Ohio"" By Blood (2022)",03/09/2022,https://www.opensubtitles.org/en/subtitleserve/sub/9228662,oakislandtk,03/09/2022,https://www.opensubtitles.org/en/subtitleserve/sub/9228906,oakislandtk
"""Devil in Ohio"" My Love and I (2022)",03/09/2022,https://www.opensubtitles.org/en/subtitleserve/sub/9228661,oakislandtk,03/09/2022,https://www.opensubtitles.org/en/subtitleserve/sub/9228880,oakislandtk
"""Devil in Ohio"" Alight (2022)",03/09/2022,https://www.opensubtitles.org/en/subtitleserve/sub/9228660,oakislandtk,03/09/2022,https://www.opensubtitles.org/en/subtitleserve/sub/9228853,oakislandtk
"""Devil in Ohio"" Rely-Upon (2022)",03/09/2022,https://www.opensubtitles.org/en/subtitleserve/sub/9228659,oakislandtk,03/09/2022,https://www.opensubtitles.org/en/subtitleserve/sub/9228828,oakislandtk
"""Devil in Ohio"" Mother's Keeper (2022)",03/09/2022,https://www.opensubtitles.org/en/subtitleserve/sub/9228658,oakislandtk,03/09/2022,https://www.opensubtitles.org/en/subtitleserve/sub/9228804,oakislandtk
"""Devil in Ohio"" Sanctuary (2022)",03/09/2022,https://www.opensubtitles.org/en/subtitleserve/sub/9228657,oakislandtk,03/09/2022,https://www.opensubtitles.org/en/subtitleserve/sub/9228710,oakislandtk
"""Devil in Ohio"" Broken Fall (2022)",03/09/2022,https://www.opensubtitles.org/en/subtitleserve/sub/9228656,oakislandtk,03/09/2022,https://www.opensubtitles.org/en/subtitleserve/sub/9228682,oakislandtk
"""The Lord of the Rings: The Rings of Power"" Adrift (2022)",02/09/2022,https://www.opensubtitles.org/en/subtitleserve/sub/9226877,oakislandtk,02/09/2022,https://www.opensubtitles.org/en/subtitleserve/sub/9226891,oakislandtk
"""The Lord of the Rings: The Rings of Power"" A Sh... (2022)",02/09/2022,https://www.opensubtitles.org/en/subtitleserve/sub/9226825,oakislandtk,02/09/2022,https://www.opensubtitles.org/en/subtitleserve/sub/9226842,oakislandtk
